participant_id,trial,category,name1,name2,name3,subset1_2_20,subset1_2_5,subset1_2_1,subset2_2_20,subset2_2_5,subset2_2_1,subset1_3_20,subset1_3_5,subset1_3_1,subset2_3_20,subset2_3_5,subset2_3_1,subset1_1_20,subset1_1_5,subset1_1_1,subset2_1_20,subset2_1_5,subset2_1_1
11,1,spice,Ginger,Cloves,Cumin,1:2:4:5:6:9:11:12:14:16:17:21:22:23:25:26:27:28:29:30,1:5:6:16:21,1,1:2:6:7:8:9:12:13:14:15:17:18:19:20:21:22:25:26:27:30,1:14:19:22:26,1,2:5:6:7:8:9:10:12:13:14:15:16:17:18:22:24:25:26:27:29,2:6:7:8:26,6,1:2:5:7:8:9:12:14:15:16:17:18:21:22:23:24:25:28:29:30,1:2:7:17:25,1,2:8:10:11:12:13:14:15:16:17:18:19:20:21:22:25:26:27:29:30,2:10:12:13:18,2,1:2:3:4:6:7:8:9:10:13:14:15:19:20:21:22:24:26:27:28,1:2:6:15:20,1
14,1,spice,Cumin,Paprika,Nutmeg,2:3:4:5:6:7:8:9:10:12:13:15:16:19:20:21:23:25:27:30,7:8:15:20:30,7,1:4:8:9:10:11:12:14:15:16:18:19:20:21:22:24:26:28:29:30,4:9:12:16:21,4,1:2:4:5:6:7:10:12:15:17:18:19:20:21:22:23:25:28:29:30,10:21:22:23:29,10,1:3:4:5:7:8:9:10:11:14:16:17:19:20:21:24:25:26:28:29,1:11:16:17:26,1,2:3:5:6:7:8:9:11:12:13:14:17:18:19:23:25:26:27:29:30,2:5:7:26:29,2,1:2:5:6:7:8:9:10:12:14:15:16:18:20:23:24:25:26:27:28,1:8:9:14:23,8
15,1,cereal,cheerios,sugar--xxmf--flakes,apple--xxmf--bits,1:2:3:4:5:6:7:11:14:17:19:20:23:24:25:26:27:28:29:30,1:14:19:24:30,1,1:2:3:4:6:7:9:10:11:13:16:19:20:21:23:24:25:28:29:30,1:9:16:20:28,1,1:2:3:5:6:7:8:10:12:15:16:17:19:20:22:23:26:27:28:29,2:6:15:20:22,15,1:3:4:5:6:7:8:9:10:11:12:14:15:21:24:25:26:28:29:30,1:3:11:21:26,1,1:2:3:4:6:7:9:10:12:13:14:15:18:21:24:25:27:28:29:30,1:6:21:24:30,1,1:2:4:6:7:8:9:10:11:12:13:16:19:21:22:25:26:27:29:30,1:7:9:21:26,1
16,1,spice,Rosemary--xxmf--leaves,Thyme--xxmf--leaves,Ground--xxmf--cumin,2:3:4:5:6:7:8:9:10:11:12:13:14:15:16:17:18:19:20:21,2:3:4:5:6,2,1:3:4:5:6:7:8:9:10:11:12:13:14:15:16:17:18:19:20:21,1:3:4:6:9,1,1:2:3:4:5:6:7:8:9:10:11:12:13:14:15:16:22:23:24:27,1:2:3:4:5,2,1:2:3:4:5:6:7:8:9:10:11:12:13:14:15:16:17:18:19:21,1:2:4:7:8,1,1:3:4:5:6:7:8:9:10:11:15:16:17:22:25:26:27:28:29:30,1:4:5:6:7,7,2:3:4:5:6:7:8:9:10:11:12:13:14:15:16:17:18:19:20:21,2:3:4:6:9,4
19,1,drink,Coke,Sprite,Juice,1:8:9:11:12:14:15:16:17:18:19:20:21:22:23:24:25:26:27:28,19:20:21:22:23,20,8:9:10:11:12:16:17:18:19:20:21:22:23:24:25:26:27:28:29:30,20:21:22:23:24,22,4:5:6:7:8:9:10:11:12:13:14:15:16:17:18:19:20:21:24:27,13:14:16:17:18,18,4:5:6:7:8:9:10:11:12:13:14:15:16:17:18:19:20:21:23:24,14:15:16:17:18,14,7:8:9:10:11:12:15:16:17:19:20:21:22:23:24:26:27:28:29:30,19:20:22:23:24,24,7:8:9:10:11:12:13:14:15:16:17:18:19:20:21:22:23:24:25:26,17:18:20:21:24,20
20,1,drink,Coke,Fanta,Fruit--xxmf--punch,1:2:3:4:5:6:7:8:9:10:11:12:13:14:15:16:17:18:20:21,4:6:8:10:17,4,1:2:3:4:5:6:7:8:9:10:11:12:14:15:16:17:18:19:20:21,5:6:7:8:9,6,8:9:10:11:12:13:14:15:16:17:18:19:20:21:22:23:24:25:26:27,10:13:14:15:16,13,1:2:3:4:7:10:11:12:14:15:16:18:21:22:23:24:27:28:29:30,1:4:7:11:14,1,7:8:9:10:11:12:15:17:18:19:20:22:23:24:25:26:27:28:29:30,7:8:9:11:12,11,4:5:6:7:8:9:10:11:12:13:14:15:16:17:18:19:20:21:22:23,7:8:9:11:12,8
21,1,spice,sage,ginger,cumin--xxmf--seed,3:4:5:6:9:10:11:12:13:15:16:17:18:19:20:21:22:25:29:30,13:15:19:20:21,21,3:5:7:8:11:13:14:16:17:18:19:20:21:22:23:24:25:27:29:30,5:17:19:21:24,24,1:4:6:7:8:9:10:11:12:17:18:19:20:21:22:25:26:28:29:30,6:7:11:18:19,19,2:3:7:8:9:10:11:14:18:19:20:21:22:23:25:26:27:28:29:30,7:9:20:25:26,26,1:3:4:5:7:9:11:12:13:14:16:17:18:19:21:23:25:26:28:30,3:5:9:11:28,5,1:2:3:5:7:8:12:14:15:16:17:20:21:23:25:26:27:28:29:30,1:3:7:15:16,1
22,1,snack,Ritz,Pop--xxmf--Corn,Flaming--xxmf--Hot--xxmf--Cheetos,1:2:3:4:5:6:9:14:15:16:17:21:22:24:25:26:27:28:29:30,4:14:21:22:30,4,1:5:6:7:8:11:12:13:14:15:17:18:21:24:25:26:27:28:29:30,1:12:15:21:28,1,1:2:3:4:5:6:7:8:9:12:14:17:19:21:23:24:27:28:29:30,2:4:17:29:30,30,1:3:4:5:8:9:14:17:18:20:21:22:23:24:25:26:27:28:29:30,1:8:14:24:30,30,1:2:5:6:8:9:13:14:15:16:17:20:23:24:25:26:27:28:29:30,1:5:17:24:29,1,1:2:3:4:5:6:8:11:13:14:15:18:20:23:25:26:27:28:29:30,1:11:20:23:30,1
23,1,drink,diet--xxmf--pepsi--xxmf--caffiene--xxmf--free,diet--xxmf--pepsi,diet--xxmf--dr--xxmf--pepper,1:2:3:5:7:9:10:12:13:14:15:16:21:24:25:26:27:28:29:30,1:3:15:25:27,25,1:3:4:6:8:10:11:12:16:18:19:20:21:22:24:25:27:28:29:30,1:4:19:20:29,29,2:3:4:5:6:8:10:12:14:16:17:20:21:22:23:25:26:27:28:30,4:5:6:10:21,21,1:2:3:5:6:7:8:12:13:14:16:18:20:23:24:25:26:27:28:29,1:7:16:24:27,1,1:3:5:7:8:9:10:11:16:18:19:20:21:22:24:26:27:28:29:30,1:20:22:26:30,20,2:3:4:5:6:8:10:11:12:14:16:18:22:23:24:25:26:27:29:30,2:8:22:23:30,22
24,1,spice,Turmeric,Fennel--xxmf--Seed,Tarragon--xxmf--Leaves,1:5:6:8:10:11:12:14:16:17:18:21:22:24:25:26:27:28:29:30,1:6:14:25:30,14,1:2:5:6:9:10:11:13:14:15:16:17:18:19:20:21:24:27:28:30,1:13:14:16:17,14,1:8:9:12:13:15:16:17:18:19:20:21:22:23:25:26:27:28:29:30,13:16:18:19:30,18,1:3:4:5:6:7:17:18:19:20:21:22:23:24:25:26:27:28:29:30,5:7:24:25:26,25,1:5:6:7:8:9:11:12:18:19:20:22:23:24:25:26:27:28:29:30,1:7:24:26:27,27,1:2:4:6:10:11:12:13:14:15:16:17:18:23:24:25:26:27:29:30,1:2:15:16:24,2
25,1,snack,Tuna,Almonds,Rice--xxmf--cakes,1:4:5:7:8:9:11:12:15:17:18:19:20:21:22:25:26:27:28:30,1:17:18:25:28,1,1:2:4:7:9:10:11:12:19:20:21:22:23:24:25:26:27:28:29:30,1:11:19:23:24,1,1:2:3:4:5:6:7:9:10:11:16:20:21:22:25:26:27:28:29:30,1:2:4:5:6,1,1:2:4:6:7:8:9:10:12:13:14:15:16:18:19:21:25:27:29:30,1:2:4:14:18,1,1:2:3:4:9:10:11:12:13:15:16:18:21:22:23:24:25:26:27:30,1:12:26:27:30,1,1:2:3:4:5:6:7:8:9:10:11:12:13:14:15:16:17:18:19:21,6:8:10:14:19,6
27,1,drink,Water,Propel--xxmf--berry,Bone--xxmf--broth,1:2:5:6:8:9:10:11:13:14:15:16:18:19:21:23:25:27:28:30,6:9:13:15:19,19,2:4:5:8:11:13:14:15:16:17:18:19:20:23:24:25:26:28:29:30,2:11:17:19:23,23,1:2:3:4:5:6:8:9:10:11:14:16:22:24:25:26:27:28:29:30,1:4:8:9:14,1,1:3:4:5:6:8:11:12:14:15:16:18:19:21:22:23:24:26:28:29,5:8:12:19:26,19,1:2:3:4:5:6:8:9:11:13:14:17:18:19:21:23:26:27:28:29,5:8:11:19:21,8,2:4:6:7:8:10:11:14:15:16:18:19:20:21:22:23:26:27:28:29,11:15:18:20:26,26
32,1,spice,Onion--xxmf--powder,Bay--xxmf--leaves,Crushed--xxmf--red--xxmf--pepper,4:5:6:7:8:9:10:11:12:13:14:15:16:17:18:20:23:27:28:29,7:8:11:14:15,11,2:3:4:5:6:7:8:9:10:11:12:13:14:15:16:17:18:19:20:21,5:6:7:8:9,9,2:5:6:7:8:9:10:11:12:13:14:15:16:17:18:19:20:21:22:23,7:8:10:11:12,8,1:2:3:4:5:6:7:8:9:10:11:12:13:14:15:16:17:18:19:20,4:5:6:7:8,5,1:2:5:7:8:10:11:12:13:14:15:18:19:21:22:23:26:28:29:30,2:5:8:15:18,5,1:2:3:4:5:6:7:8:9:10:11:12:13:14:15:16:17:18:19:20,4:5:6:7:8,4
30,1,drink,V8--xxmf--Juice,Milk,Orange--xxmf--Juice,1:2:3:4:5:6:7:11:13:14:16:17:19:21:23:26:27:28:29:30,3:5:23:26:27,26,3:4:5:7:9:10:11:12:13:14:16:17:19:20:23:24:26:27:29:30,4:7:9:17:20,17,2:3:6:7:10:12:14:15:16:17:18:19:20:21:22:25:27:28:29:30,6:16:21:27:29,6,1:2:5:6:7:11:12:13:14:17:18:21:22:23:24:25:26:27:28:30,1:2:5:6:13,1,2:3:5:6:7:9:11:13:15:18:19:20:21:22:23:25:26:27:28:30,2:5:7:11:26,2,1:2:5:6:7:8:9:10:11:14:15:16:17:18:19:20:21:25:27:30,1:2:6:7:9,1
34,1,snack,Utz,Ruffles,Doritos,1:2:3:4:5:6:7:8:9:10:11:12:13:14:15:16:17:18:19:20,1:8:9:13:14,1,1:2:3:4:5:7:8:9:10:11:12:15:16:17:18:19:20:21:22:23,1:9:10:15:18,1,3:5:6:7:8:9:10:11:13:14:15:17:18:19:20:22:24:25:27:29,6:10:11:13:19,11,4:7:8:12:13:14:15:16:17:18:19:20:21:22:23:24:25:26:27:28,17:19:20:21:22,20,2:3:12:13:14:15:16:17:18:19:20:21:22:23:25:26:27:28:29:30,2:18:27:28:30,28,1:3:5:6:7:8:9:10:13:14:15:17:18:19:20:22:23:24:28:29,1:5:10:13:15,1
29,1,spice,Paprika,Crushed--xxmf--Red--xxmf--Peppers,Cumin,2:4:5:6:7:11:12:14:15:16:17:18:19:21:22:24:25:28:29:30,5:6:12:21:30,6,1:2:3:4:5:6:7:8:9:10:11:12:14:16:21:22:23:24:25:29,2:3:4:21:23,21,1:2:3:4:6:10:11:12:13:15:18:19:20:21:23:26:27:28:29:30,3:10:12:20:26,26,1:2:3:4:5:7:8:9:12:13:14:19:20:21:23:26:27:28:29:30,1:2:7:19:20,1,1:5:7:8:10:12:13:15:16:20:21:22:23:24:25:26:27:28:29:30,7:8:13:27:29,7,8:9:10:11:12:13:14:16:17:18:21:22:23:24:25:26:27:28:29:30,21:22:23:24:30,21
36,1,spice,Ground--xxmf--Cumin,Chili--xxmf--powder,Ground--xxmf--ginger--xxmf--,1:2:4:5:6:7:8:9:10:11:12:13:15:18:21:22:23:24:25:28,1:10:11:22:28,22,1:2:3:4:5:6:8:10:11:12:13:20:21:22:24:26:27:28:29:30,1:6:8:22:28,1,1:5:6:9:10:11:12:13:16:18:19:21:22:23:24:25:26:27:28:30,1:6:9:19:27,27,1:2:3:4:6:7:8:12:13:14:15:16:17:20:21:24:25:26:27:28,1:6:16:25:27,6,1:2:3:4:5:7:8:10:11:12:13:14:15:16:20:22:23:28:29:30,1:3:4:8:16,4,1:2:3:4:7:9:10:11:12:13:15:18:20:23:24:25:27:28:29:30,1:7:10:15:28,1
38,1,cereal,Total,Raisin--xxmf--Bran,Fiber--xxmf--One,1:2:3:4:5:6:7:8:9:10:11:12:13:14:15:16:17:18:19:20,1:2:3:4:5,2,1:2:3:4:5:6:7:8:9:10:11:12:13:14:15:16:17:18:19:20,1:2:4:5:7,5,1:2:3:4:5:6:7:8:9:10:11:12:13:14:15:16:17:18:19:20,1:2:3:4:5,4,1:2:3:4:5:6:7:8:9:10:11:12:13:14:15:16:17:18:19:20,1:2:3:4:5,1,1:2:3:4:5:6:7:8:9:10:11:12:13:14:15:16:17:18:19:20,1:2:3:4:5,4,1:2:3:4:5:6:7:8:9:10:11:12:13:14:15:16:17:18:19:20,1:2:3:5:9,5
44,1,spice,Garlic--xxmf--salt,Black--xxmf--pepper,Spice--xxmf--and--xxmf--salt,1:2:7:8:9:10:12:18:19:20:21:22:23:24:25:26:27:28:29:30,1:2:7:8:9,1,1:2:3:12:14:15:16:17:18:19:20:21:22:23:24:25:26:28:29:30,1:3:12:14:15,14,1:2:8:9:11:13:14:15:16:17:19:20:21:22:23:24:26:28:29:30,1:2:9:15:16,16,1:2:3:4:5:7:8:9:10:11:12:13:14:16:19:23:24:25:27:29,1:3:4:11:13,1,1:4:5:6:7:8:10:12:13:17:19:20:21:22:24:26:27:28:29:30,1:8:10:13:20,13,1:2:3:4:5:7:10:11:12:14:15:17:19:20:21:22:23:24:25:27,1:3:4:5:7,7
45,1,bottle,Rockstar,Bolt--xxmf--house,Rockstar--xxmf--zero,1:3:4:5:6:9:11:14:17:18:19:20:21:22:24:26:27:28:29:30,1:3:19:28:30,30,1:5:6:7:8:9:12:13:14:15:16:17:19:20:22:23:24:27:28:30,1:5:7:13:16,5,1:3:4:8:9:10:11:12:13:15:16:17:18:20:21:22:24:25:27:29,1:12:15:24:29,1,1:2:4:5:7:10:11:12:14:15:17:19:20:22:23:25:26:28:29:30,1:5:11:25:26,5,1:3:5:10:11:13:14:15:16:20:21:22:23:24:25:26:27:28:29:30,14:15:23:25:29,23,1:2:3:4:7:8:9:11:13:16:18:21:22:23:24:25:26:27:28:29,7:9:24:26:28,7
46,1,cereal,Lucky--xxmf--charms,Cheerios,Apple--xxmf--jacks,3:5:8:9:11:14:16:17:18:19:20:21:22:23:25:26:27:28:29:30,3:9:21:23:25,9,2:4:5:6:10:11:12:13:14:15:17:18:19:20:21:22:26:27:28:29,5:13:20:22:27,13,7:8:9:11:12:13:14:15:16:17:18:20:21:23:24:25:26:28:29:30,11:12:17:20:23,23,6:7:8:9:10:11:12:15:17:18:20:21:22:23:25:26:27:28:29:30,7:12:15:17:21,15,3:4:5:6:7:8:9:10:11:12:13:14:15:24:25:26:27:28:29:30,3:4:5:14:25,4,2:3:4:7:9:11:13:15:18:19:20:21:22:23:24:25:26:28:29:30,7:11:20:22:24,20
49,1,drink,Coca--xxmf--cola,Bubly--xxmf--,Spire--xxmf--cider,1:2:3:5:6:7:10:13:14:15:16:17:18:20:21:22:25:26:28:30,5:10:14:15:30,30,1:4:6:7:8:10:11:13:15:17:18:19:21:22:24:25:26:27:28:30,1:11:13:27:30,30,1:3:6:7:9:11:12:14:15:17:18:19:21:22:24:25:26:27:29:30,6:7:12:18:30,30,1:2:4:5:7:8:9:10:11:14:15:16:19:22:23:25:26:28:29:30,1:8:10:26:29,26,1:2:4:5:6:7:11:12:13:14:17:18:19:20:22:24:26:27:28:29,6:14:18:28:29,28,1:2:3:4:7:8:10:11:15:16:17:20:21:22:23:24:25:26:28:29,1:4:7:15:28,28
57,1,cereal,Apple--xxmf--jacks,Cherrios,Cornpops,1:5:8:9:10:11:12:14:16:18:19:20:21:22:24:25:26:27:29:30,8:9:10:12:20,12,2:3:4:5:6:7:9:10:11:13:14:15:17:18:19:21:22:23:25:27,9:10:13:19:21,10,1:2:3:4:6:7:8:10:11:13:14:15:16:17:18:19:21:22:23:26,7:10:13:15:21,15,1:4:5:7:10:11:12:13:14:15:17:18:19:21:22:25:26:27:28:30,1:5:10:14:18,5,1:2:3:4:6:8:9:10:11:13:14:15:16:17:18:19:21:22:23:30,1:3:10:17:23,17,1:3:6:7:8:11:12:13:15:18:19:20:22:23:24:25:26:27:28:30,6:7:8:12:20,20
40,1,bottle,Coca--xxmf--cola,7up,Mountain--xxmf--Dew,2:3:5:6:11:12:13:14:16:17:19:20:21:22:24:25:27:28:29:30,5:14:21:27:29,27,1:3:7:9:10:11:12:13:14:16:18:19:22:23:24:25:27:28:29:30,9:10:18:23:29,18,1:2:3:4:6:7:9:10:12:13:15:16:19:21:22:23:26:27:28:30,13:22:27:28:30,30,1:2:3:4:5:6:7:8:11:13:14:15:16:18:21:22:25:26:28:30,2:6:11:18:28,11,1:2:3:4:5:6:7:9:11:12:13:17:19:20:23:24:25:26:27:30,3:9:24:25:30,3,1:2:3:4:5:6:8:9:11:12:13:14:15:16:17:18:20:21:24:29,11:13:15:21:29,21
54,1,bottle,Sprite,Club--xxmf--soda,Beer,3:4:5:6:8:9:13:14:17:19:21:22:23:24:25:26:27:28:29:30,5:17:19:22:26,22,1:2:3:5:6:7:8:9:11:14:15:16:17:19:20:21:24:26:29:30,1:2:6:7:9,2,1:4:5:6:7:8:9:10:12:13:14:15:16:17:20:22:23:24:25:26,4:5:12:16:24,24,1:2:3:8:9:10:11:14:16:17:18:19:20:23:24:25:26:27:29:30,8:10:14:17:19,17,3:4:5:6:7:8:9:11:13:14:15:16:17:20:22:25:26:27:28:29,3:5:7:11:15,15,1:2:3:5:7:8:9:13:14:16:19:20:23:24:25:26:27:28:29:30,5:7:8:19:20,19
50,1,cereal,Apple--xxmf--jacks,Corn--xxmf--chex,Donut--xxmf--shop,1:3:5:8:10:11:12:13:14:15:17:19:20:21:22:24:26:28:29:30,1:10:14:17:24,24,1:3:4:6:8:10:11:12:15:16:17:20:21:22:24:25:26:27:28:30,4:8:12:24:25,4,1:3:4:5:6:7:9:10:12:16:17:18:19:21:23:25:26:27:28:30,7:9:18:19:30,19,1:2:3:6:8:9:10:11:12:13:15:16:17:18:19:21:23:24:26:29,1:12:13:19:23,19,1:2:3:4:6:9:10:12:13:14:15:18:20:21:22:23:24:27:28:30,2:4:22:23:30,2,1:3:4:6:8:9:10:12:15:17:18:19:21:22:23:24:25:28:29:30,1:4:9:12:25,25
55,1,spice,Kasuri--xxmf--Methi,Pav--xxmf--Bhaji--xxmf--Masala,Tandoori--xxmf--Chicken--xxmf--Masala,1:5:8:9:10:11:12:14:15:17:19:20:21:22:23:24:25:28:29:30,1:8:10:12:15,1,1:2:3:4:5:6:7:8:9:10:15:16:17:18:19:21:22:24:27:30,4:5:8:16:18,4,1:2:3:4:5:8:9:11:12:14:15:16:18:19:22:24:25:27:28:30,1:12:15:16:22,1,1:2:3:4:5:6:7:9:10:11:12:13:16:17:19:20:22:23:29:30,1:2:3:4:7,1,1:2:3:4:5:6:7:8:9:14:15:16:17:18:20:25:26:27:28:29,2:4:7:20:29,29,1:8:9:11:12:13:15:16:17:18:19:20:21:22:23:25:26:28:29:30,1:18:19:20:22,1
65,1,spice,soy--xxmf--sauce,hot--xxmf--sauce,plum--xxmf--sauce,1:2:3:4:5:6:11:12:13:14:15:19:20:21:22:23:24:25:26:28,1:3:5:13:25,3,1:2:3:4:5:8:10:12:13:18:20:21:22:23:24:25:27:28:29:30,20:21:22:23:24,23,1:2:3:4:5:6:7:8:13:17:18:19:20:21:22:25:26:27:28:29,1:3:4:8:18,18,2:3:5:7:8:10:12:14:15:16:17:18:19:20:21:25:26:27:28:29,2:3:18:19:21,18,1:2:3:4:6:8:10:12:14:15:16:17:18:19:20:21:25:26:27:28,2:4:8:10:12,8,1:2:4:5:6:8:10:11:12:14:19:21:22:23:24:25:26:27:28:30,2:4:5:6:22,22
60,1,cereal,Cheerios,Wheat--xxmf--brand,Toasty--xxmf--Os,1:2:4:5:6:7:8:9:11:12:13:14:17:18:22:25:26:27:28:30,1:6:7:9:14,14,2:3:4:5:6:11:12:13:14:15:16:17:22:23:24:25:27:28:29:30,2:4:11:14:24,4,1:2:3:4:5:6:9:14:16:17:19:20:21:22:24:25:26:27:28:29,1:4:5:6:22,6,1:2:3:4:5:6:14:15:16:19:20:21:22:24:25:26:27:28:29:30,1:5:6:24:25,6,1:3:4:6:7:8:9:11:16:17:21:22:23:24:25:26:27:28:29:30,1:21:23:24:27,1,3:4:5:6:8:9:10:12:13:14:15:17:18:22:23:24:26:27:28:29,3:6:12:14:26,14
62,1,spice,Pure--xxmf--ground--xxmf--mustard--xxmf--,Oregano--xxmf--leaves--xxmf--,Crushed--xxmf--red--xxmf--pepper--xxmf--,2:3:5:7:8:9:11:13:15:17:20:21:23:24:25:26:27:28:29:30,3:8:11:17:30,30,1:2:6:7:8:9:11:12:13:14:16:19:21:22:24:25:27:28:29:30,1:2:11:28:30,1,3:4:5:7:8:9:10:11:13:17:20:21:22:23:25:26:27:28:29:30,4:8:11:21:25,25,9:11:12:13:14:15:17:18:19:20:21:22:23:24:25:26:27:28:29:30,15:25:26:28:29,15,2:8:9:11:12:14:16:17:18:19:20:21:22:23:24:25:26:27:28:29,17:18:19:20:21,21,1:9:10:11:12:13:15:17:18:19:20:22:23:24:25:26:27:28:29:30,1:10:11:23:29,1
63,1,bottle,Simple--xxmf--lemonade--xxmf--,Sangria,Bolio,4:5:6:7:8:9:10:11:12:13:14:15:16:17:18:19:20:21:22:30,10:11:12:13:14,14,1:2:4:5:6:7:8:9:11:12:16:17:18:19:20:25:26:27:28:29,6:8:9:11:12,6,2:4:5:6:7:8:9:10:11:12:13:14:15:19:20:21:22:23:24:25,6:7:9:10:11,7,2:4:5:6:7:8:9:10:11:16:17:18:19:20:21:25:26:27:29:30,7:8:9:10:16,7,2:4:5:6:7:8:9:13:14:15:20:21:22:23:25:26:27:28:29:30,2:4:7:9:13,4,2:3:4:5:7:8:9:10:11:12:13:14:15:16:17:18:23:24:25:26,9:10:11:12:14,14
66,1,drink,Sprite--xxmf--Zero--xxmf--,Water,Propel,1:2:3:4:5:6:7:8:9:10:11:12:13:14:15:16:17:18:19:20,2:5:6:7:9,5,3:6:11:12:13:14:15:16:17:18:19:20:21:22:23:25:26:27:28:29,11:14:16:17:20,16,1:2:3:4:5:6:7:8:9:11:12:14:16:17:20:21:22:23:26:27,1:6:7:8:9,7,1:2:3:4:5:6:7:8:9:10:11:12:13:14:15:16:17:18:19:20,3:4:8:11:14,8,1:2:3:7:8:9:10:11:12:13:14:15:16:17:18:19:20:21:22:30,2:11:13:15:17,17,1:2:4:5:6:7:8:9:10:11:12:13:14:15:16:17:18:19:20:30,4:5:7:8:10,5
69,1,drink,Sprite,Mountain--xxmf--dew,Baja--xxmf--blast,1:2:3:4:5:6:7:8:9:10:11:12:13:14:15:16:17:18:20:21,1:2:3:4:5,3,1:2:3:4:6:8:9:10:11:18:20:21:22:23:25:26:27:28:29:30,1:6:8:11:21,6,3:5:8:9:11:12:13:15:17:19:20:22:23:24:25:26:27:28:29:30,3:13:15:20:22,13,1:2:3:4:5:16:17:18:19:20:21:22:23:24:25:26:27:28:29:30,4:5:21:29:30,4,1:2:3:4:5:6:7:8:9:10:11:12:13:24:25:26:27:28:29:30,26:27:28:29:30,30,2:3:9:11:12:13:14:15:17:18:20:21:22:23:25:26:27:28:29:30,11:14:17:25:27,14
75,1,spice,Thyme,Cloves,Cilantro,2:3:6:7:9:10:11:13:14:15:17:19:20:22:23:24:26:28:29:30,2:10:13:26:29,2,1:3:4:5:7:9:11:12:13:14:16:17:18:19:20:22:23:24:26:27,3:4:5:9:13,13,1:3:4:5:6:10:12:13:14:15:16:17:19:20:22:24:25:27:29:30,1:4:6:19:27,1,1:2:3:4:5:6:7:8:9:11:12:13:14:15:16:17:18:19:20:23,1:2:3:4:7,4,1:3:5:7:8:9:10:13:14:15:16:17:20:21:22:24:25:26:27:29,1:3:13:20:25,3,4:6:10:11:12:13:14:15:17:18:19:20:21:22:23:24:25:26:27:28,10:11:12:14:22,12
76,1,spice,Cumin,Chili--xxmf--Powder,Cayenne--xxmf--Pepper,1:4:5:6:7:8:9:10:11:12:13:14:15:16:19:21:25:28:29:30,1:6:10:21:30,6,1:2:5:6:8:9:10:12:14:16:18:20:21:22:23:24:25:26:27:29,2:8:9:16:18,2,1:3:4:5:6:7:10:15:16:17:19:20:21:22:24:25:26:28:29:30,5:7:15:25:30,15,1:2:3:6:7:8:9:10:11:13:14:15:16:18:20:21:24:25:26:29,6:10:11:16:21,6,1:2:5:6:8:9:10:12:13:14:17:19:22:23:24:26:27:28:29:30,10:13:19:26:29,26,1:2:6:7:9:12:13:14:15:18:19:20:21:24:25:26:27:28:29:30,2:9:12:18:30,9
77,1,spice,Ground--xxmf--mustard,Onion--xxmf--powder,Garlic--xxmf--powder,1:3:4:6:8:10:11:12:15:16:18:19:21:23:24:25:27:28:29:30,4:11:15:18:21,11,1:2:3:4:5:7:8:11:12:13:14:15:16:20:22:24:26:27:29:30,2:5:8:12:13,13,1:3:6:7:9:11:13:14:15:16:17:19:21:22:23:24:25:27:28:30,6:15:22:24:25,24,2:3:6:11:13:14:17:18:19:20:21:22:23:24:25:26:27:28:29:30,6:11:14:18:19,11,1:2:3:4:8:9:10:12:14:15:16:18:19:20:22:24:26:27:28:29,4:14:15:22:28,28,1:3:4:5:6:7:8:9:10:19:21:22:23:24:25:26:27:28:29:30,3:6:10:19:21,10
71,1,spice,Cayenne--xxmf--pepper,Seasoned--xxmf--salt,Chili--xxmf--powder,1:6:7:8:9:10:12:13:14:15:16:18:20:22:23:26:27:28:29:30,1:13:16:26:30,13,1:2:5:6:9:10:12:13:14:15:16:17:20:21:22:23:24:26:29:30,5:10:13:14:29,5,2:5:6:8:9:10:12:13:15:16:17:18:19:22:23:24:27:28:29:30,5:10:17:18:30,17,4:5:6:7:9:12:13:14:16:18:19:21:22:23:25:26:27:28:29:30,6:12:14:18:23,18,2:5:7:8:9:11:12:15:16:17:18:19:21:22:23:26:27:28:29:30,2:7:8:17:27,2,1:3:4:7:8:10:11:12:15:16:17:18:19:21:22:23:25:28:29:30,3:7:8:11:29,7
82,1,spice,Cinnamon,Paprika,Black--xxmf--pepper,3:4:5:8:11:12:14:15:16:17:18:20:21:22:25:26:27:28:29:30,11:14:15:20:22,22,4:5:6:7:8:9:10:11:12:14:17:18:19:20:22:23:26:28:29:30,5:11:17:22:28,11,1:5:6:7:8:10:11:12:13:14:16:17:18:19:23:24:26:28:29:30,10:12:14:23:26,10,2:5:6:7:8:9:11:13:14:15:16:17:19:20:22:23:24:25:26:27,8:11:13:20:22,22,2:4:5:8:9:10:11:12:15:16:17:19:20:22:24:26:27:28:29:30,11:12:19:22:30,11,2:4:5:6:8:9:10:11:12:13:14:17:18:19:20:21:22:23:24:27,8:11:13:20:22,11
84,1,cereal,Honey--xxmf--nut--xxmf--Cheerios,Cascade--xxmf--Farms--xxmf--Berry--xxmf--Vanilla--xxmf--Puffs,Sunrise--xxmf--Crunchy--xxmf--Honey,11:12:13:14:15:16:17:18:19:20:21:22:23:24:25:26:27:28:29:30,26:27:28:29:30,30,11:12:13:14:15:16:17:18:19:20:21:22:23:24:25:26:27:28:29:30,26:27:28:29:30,30,11:12:13:14:15:16:17:18:19:20:21:22:23:24:25:26:27:28:29:30,26:27:28:29:30,30,11:12:13:14:15:16:17:18:19:20:21:22:23:24:25:26:27:28:29:30,26:27:28:29:30,30,10:11:12:13:14:15:17:18:19:20:21:22:23:24:25:26:27:28:29:30,26:27:28:29:30,28,11:12:13:14:15:16:17:18:19:20:21:22:23:24:25:26:27:28:29:30,26:27:28:29:30,30
87,1,bottle,Peanuts,Sake,Vodka,1:3:4:5:9:10:11:12:13:14:15:16:19:20:21:22:26:28:29:30,3:4:14:16:20,3,3:4:5:6:7:9:10:11:12:15:17:18:19:23:24:25:26:27:28:29,5:6:9:10:11,5,1:2:3:4:5:6:7:8:9:10:11:12:13:14:15:16:17:18:19:20,7:9:15:16:20,7,1:2:4:5:6:9:10:11:12:14:15:16:20:21:22:24:25:26:27:29,10:16:20:25:26,25,4:5:6:7:9:11:12:13:15:16:18:19:20:21:22:23:24:27:28:30,5:7:9:11:12,12,4:6:7:8:9:10:13:14:15:17:18:19:21:22:23:25:27:28:29:30,13:14:15:18:19,14
85,1,drink,Mixed--xxmf--berry--xxmf--sparkling--xxmf--water,Rethink--xxmf--water,Juicy--xxmf--juice--xxmf--splashers,1:2:3:4:5:6:7:8:11:12:15:18:20:22:23:24:26:28:29:30,1:6:7:8:28,28,1:2:3:4:5:7:8:11:12:18:20:21:23:24:25:26:27:28:29:30,1:11:12:18:24,1,2:4:5:6:8:9:11:13:15:16:17:18:21:22:25:26:27:28:29:30,2:4:8:9:17,2,1:2:3:4:5:6:7:8:9:10:13:14:15:16:17:18:19:20:29:30,1:7:8:9:30,7,1:2:3:4:5:6:8:9:10:14:17:18:22:23:24:25:26:28:29:30,9:14:17:18:28,17,1:3:4:5:8:9:11:12:15:19:20:22:23:24:25:26:27:28:29:30,1:11:26:28:29,1
80,1,spice,Garlic--xxmf--Powder,Black--xxmf--Pepper--xxmf--,Cayenne--xxmf--Pepper--xxmf--,1:2:3:4:12:13:14:15:16:18:19:20:21:22:23:25:26:27:28:30,1:2:3:25:28,28,1:2:3:4:5:6:7:8:9:10:11:12:13:14:19:22:27:28:29:30,1:3:8:11:29,1,2:3:4:5:6:7:8:10:11:15:16:17:20:21:22:24:25:26:27:28,2:5:8:10:22,2,1:2:7:8:9:10:11:12:13:14:16:17:18:22:23:25:26:27:28:29,2:10:13:16:28,2,1:3:8:9:10:11:12:13:14:16:17:18:19:21:22:23:24:28:29:30,1:9:12:28:29,1,1:4:5:6:8:9:10:11:12:13:14:16:17:18:22:23:25:27:28:29,1:6:16:18:27,1
91,1,cereal,Cinnamon--xxmf--Toast--xxmf--Crunch,Honey--xxmf--Bunches--xxmf--of--xxmf--Oats--xxmf--Honey--xxmf--Roasted,Rice--xxmf--Squares,1:2:3:4:5:6:7:9:11:12:16:17:20:21:22:23:27:28:29:30,3:6:7:9:17,17,1:2:3:4:5:6:7:8:9:10:11:12:14:20:23:25:26:28:29:30,1:2:5:6:8,5,1:4:5:6:8:11:13:14:15:17:19:21:22:23:24:25:26:28:29:30,14:17:19:28:30,28,3:4:5:6:7:11:12:13:14:15:16:17:18:22:24:25:27:28:29:30,25:27:28:29:30,30,1:2:3:4:5:6:7:11:12:18:21:22:23:24:25:26:27:28:29:30,26:27:28:29:30,30,1:2:3:4:5:6:8:10:11:12:13:14:15:22:23:24:25:27:29:30,15:23:25:27:29,29
90,1,drink,Dr--xxmd----xxmf--Pepper--xxmf--10,Dr--xxmd----xxmf--Pepper,Spindrift,1:2:3:4:5:7:8:9:10:11:13:15:17:18:19:21:22:23:27:30,2:11:17:23:27,2,1:3:5:6:8:9:10:12:13:15:16:17:19:20:21:23:25:27:28:30,1:9:16:19:28,1,1:4:5:6:7:9:10:11:12:14:16:18:19:20:21:22:24:25:29:30,1:11:20:29:30,11,1:3:5:6:7:8:11:12:13:14:16:17:19:20:22:23:25:26:28:30,1:7:14:19:23,1,1:6:7:8:10:12:13:14:17:18:19:20:21:22:23:24:25:26:28:30,1:6:13:19:21,1,1:3:4:5:6:7:10:11:13:14:15:16:19:21:23:25:26:28:29:30,1:7:13:21:29,1
86,1,cereal,Lucky--xxmf--Charms,Special--xxmf--K,Raisin--xxmf--Bran,1:2:3:4:5:6:7:8:9:10:11:12:13:14:15:16:17:18:19:20,4:5:6:7:8,7,1:2:3:4:5:6:7:8:9:10:11:12:13:14:15:16:17:18:19:20,1:2:3:5:6,1,4:5:6:7:8:9:10:11:12:13:14:15:16:17:18:19:20:21:22:23,4:5:6:7:8,5,1:2:3:4:5:6:7:8:9:10:11:12:13:14:15:16:17:18:19:20,1:2:3:5:6,1,10:11:12:14:15:16:17:18:19:20:21:22:23:24:25:26:27:28:29:30,17:18:20:21:22,18,1:2:3:4:5:6:7:8:9:10:11:12:13:14:15:17:18:19:20:21,1:2:3:5:6,1
92,1,snack,Popcorn,Cracker,Mochi--xxmf--rice--xxmf--nuggets,9:10:11:12:13:14:15:16:17:18:19:20:21:22:23:24:25:26:27:28,9:19:20:21:22,20,1:2:3:4:5:6:7:9:10:11:12:13:14:15:16:17:18:19:20:25,1:4:9:13:19,1,11:12:13:14:15:16:17:18:19:20:21:22:23:24:25:26:27:28:29:30,26:27:28:29:30,26,1:2:3:4:7:10:12:14:15:16:17:18:19:20:21:23:24:25:26:27,1:4:7:10:19,1,1:2:3:4:5:6:7:8:9:10:11:12:13:14:15:16:17:18:20:21,1:2:3:4:5,2,1:2:3:4:5:6:7:8:9:10:11:15:18:19:25:26:27:28:29:30,1:3:5:9:25,1
94,1,spice,Ground--xxmf--Coriander,Poppy--xxmf--Seed,Curry--xxmf--Powder,1:3:4:7:8:9:10:11:14:15:16:17:18:19:20:21:22:23:24:30,4:8:9:19:24,8,1:2:3:4:5:6:7:8:9:10:11:12:14:15:22:23:25:27:28:30,1:5:7:12:22,1,4:5:6:7:8:9:10:12:15:16:17:19:20:21:23:25:27:28:29:30,6:7:10:19:27,27,1:2:3:5:7:9:11:12:14:15:16:21:23:24:25:26:27:28:29:30,1:2:21:26:28,1,4:5:6:8:12:15:16:17:18:19:21:22:23:24:25:26:27:28:29:30,15:19:22:28:30,22,3:4:5:6:12:13:14:15:17:18:19:20:21:22:23:24:25:26:27:29,3:4:15:19:20,19
96,1,spice,Cinnamon,Pepper,Creole--xxmf--seasoning,1:2:3:4:5:6:7:8:9:10:11:12:15:16:17:21:24:28:29:30,1:3:4:8:9,8,2:3:4:5:6:7:8:9:10:11:12:13:14:15:16:17:18:20:21:22,5:6:7:8:9,6,2:3:5:10:11:12:13:14:15:16:20:21:23:24:25:26:27:28:29:30,2:5:11:12:21,5,2:3:4:7:8:9:10:11:12:14:16:17:18:20:23:24:25:26:27:28,3:7:8:10:14,8,1:2:3:4:7:9:10:11:12:13:15:16:22:23:24:25:27:28:29:30,1:2:3:7:10,1,1:2:3:5:6:7:8:9:10:11:12:13:14:15:16:17:20:23:26:29,2:5:8:10:11,8
97,1,bottle,Soda--xxmf--bottle,Water--xxmf--bottle,Purity--xxmf--water--xxmf--bottle,1:2:3:4:5:6:7:11:13:14:15:17:20:22:25:26:27:28:29:30,5:7:11:13:22,11,1:2:3:4:6:7:8:9:11:13:14:17:23:24:25:26:27:28:29:30,2:3:4:6:7,7,2:4:5:6:8:12:14:15:17:18:20:21:22:23:25:26:27:28:29:30,2:6:8:15:27,15,3:5:6:8:9:11:13:14:15:16:17:18:19:20:21:22:23:27:29:30,8:9:13:14:15,9,2:3:5:8:9:12:13:14:15:17:20:22:23:24:25:26:27:28:29:30,5:8:12:24:30,8,5:6:7:9:11:14:15:17:18:19:20:21:22:23:24:26:27:28:29:30,11:15:17:18:21,15
98,1,spice,Chili--xxmf--powder,Cajun--xxmf--spice,Ground--xxmf--cumin,1:2:3:5:10:11:12:13:14:16:17:19:20:21:23:24:25:27:29:30,2:3:5:10:12,10,1:2:3:4:5:7:11:13:14:15:16:18:19:21:25:26:27:28:29:30,25:26:27:28:29,27,2:3:4:5:6:7:9:10:11:13:14:16:17:18:19:21:22:25:28:29,2:4:5:6:7,2,1:2:3:4:5:6:7:8:9:10:11:12:13:15:16:17:18:19:20:21,4:5:6:7:8,5,1:4:5:7:9:11:12:13:14:16:17:18:19:21:23:24:25:27:28:29,4:5:12:13:25,4,1:3:4:5:6:7:8:9:10:13:14:15:16:17:18:19:21:22:23:24,3:4:5:8:10,5
100,1,snack,Chips,Fruit--xxmf--cups,Crackers,4:5:6:7:8:9:12:13:16:17:19:20:21:24:25:26:27:28:29:30,13:24:25:29:30,30,3:10:12:13:14:15:16:18:19:20:21:22:23:24:25:26:27:28:29:30,15:18:22:26:27,26,1:2:3:5:6:7:11:14:15:17:18:21:22:23:24:25:26:28:29:30,6:14:26:28:30,28,1:4:6:7:8:11:12:13:16:17:18:19:20:21:22:26:27:28:29:30,1:11:13:16:17,16,3:4:5:6:8:9:14:15:17:18:21:22:23:24:25:26:27:28:29:30,5:14:15:28:30,30,4:5:6:10:11:16:17:18:19:20:21:22:23:24:25:26:27:28:29:30,18:19:20:21:22,21
101,1,cereal,Frosted--xxmf--Flakes--xxmf--,Oreo--xxmf--oâ€™s,Cinnamon--xxmf--Toast--xxmf--Crunch--xxmf--,1:2:3:4:5:6:8:11:17:18:19:22:23:24:25:26:27:28:29:30,1:4:8:17:23,1,1:2:3:4:5:6:10:12:13:14:15:16:18:21:22:23:24:25:26:27,1:2:3:4:5,5,1:2:3:5:6:7:8:13:14:15:16:17:22:24:25:26:27:28:29:30,1:2:3:8:15,2,1:2:3:4:6:7:8:9:10:11:12:13:15:17:19:21:24:28:29:30,1:2:6:7:8,1,1:2:3:4:5:6:7:9:11:13:14:15:18:20:24:25:26:28:29:30,1:2:14:20:24,2,1:2:3:4:5:6:7:8:9:10:11:12:13:14:18:24:26:27:29:30,1:4:9:14:26,1
105,1,bottle,Mustard,Barbecue--xxmf--sauce,Grape,1:2:3:4:5:6:8:12:14:16:19:20:22:23:24:25:26:27:28:30,1:4:12:14:16,1,1:2:3:4:5:6:8:9:10:11:12:13:14:15:16:17:18:19:20:21,4:9:10:11:12,11,1:2:3:5:7:8:9:10:14:16:17:18:19:20:21:23:26:27:28:29,5:10:16:18:20,10,1:2:3:4:5:6:7:8:9:10:11:12:14:15:16:17:18:19:20:21,7:8:9:10:11,10,1:2:3:4:5:6:7:8:9:10:11:12:13:14:15:16:17:18:19:20,7:8:11:12:13,8,1:2:3:4:5:6:7:8:9:10:11:12:13:14:15:16:17:18:19:20,7:8:10:11:12,12
102,1,spice,Saffron,Chili--xxmf--powder,Cumin,1:3:4:5:6:9:10:12:13:14:15:17:18:19:21:22:24:26:28:30,6:9:10:18:24,9,2:4:5:6:7:8:9:10:12:13:15:16:18:19:21:22:23:25:26:29,4:9:10:15:16,9,1:3:4:5:6:7:8:11:13:14:16:20:21:22:24:25:26:28:29:30,4:8:13:14:29,13,1:2:3:5:6:7:8:12:13:14:16:17:18:20:23:24:25:27:29:30,1:3:5:7:13,1,1:4:6:9:10:11:15:17:18:19:20:21:22:23:24:25:27:28:29:30,6:9:17:23:25,6,1:2:3:4:6:7:9:11:12:14:15:16:17:20:21:22:24:26:27:28,1:2:9:22:28,2
116,1,spice,Cinnamon,Sage,Oregano,11:12:13:14:15:16:17:18:19:20:21:22:23:24:25:26:27:28:29:30,26:27:28:29:30,30,10:11:12:13:14:15:16:17:18:20:21:22:23:24:25:26:27:28:29:30,10:11:12:13:14,10,10:11:12:13:14:15:16:17:18:19:20:21:23:24:25:26:27:28:29:30,26:27:28:29:30,26,1:2:3:4:5:7:8:9:10:11:12:13:14:15:16:17:18:19:20:21,2:3:4:5:7,3,1:2:3:4:5:6:7:8:9:10:11:12:13:14:15:16:17:18:19:20,1:2:3:4:5,1,1:3:4:5:6:7:9:10:11:12:13:14:15:16:17:18:19:20:21:22,1:4:5:6:7,1
117,1,spice,Cayenne--xxmf--Red--xxmf--Pepper,Steak--xxmf--Seasoning,Smoked--xxmf--Paprika,1:3:5:6:7:8:9:10:11:12:14:16:17:18:23:24:25:26:29:30,1:8:9:10:16,10,1:3:4:6:8:11:12:13:14:15:16:18:21:22:23:24:25:26:27:30,1:11:12:14:15,1,1:2:6:7:8:9:11:12:18:19:20:21:22:23:24:26:27:28:29:30,1:2:11:23:28,28,1:5:9:11:12:13:14:15:16:18:20:22:23:24:25:26:27:28:29:30,1:9:13:16:26,26,1:2:3:6:8:11:12:14:15:16:19:20:21:22:24:25:26:27:29:30,1:2:8:11:12,1,1:2:3:5:6:9:15:17:18:19:20:22:23:24:25:26:27:28:29:30,1:15:17:18:30,17
120,1,spice,Ground--xxmf--cumin,Ground--xxmf--cinnamon,Garlic--xxmf--salt--xxmf--with--xxmf--parsley,1:3:4:6:8:11:12:13:14:16:17:18:20:22:23:24:25:26:29:30,3:4:13:20:29,4,2:3:5:6:7:8:9:11:14:16:17:20:21:22:23:24:25:27:28:30,5:6:16:24:27,24,1:2:3:4:5:6:7:8:9:10:11:15:16:17:18:21:26:27:28:30,3:8:18:28:30,18,1:2:3:5:7:9:10:11:14:15:17:18:19:20:23:24:26:27:28:30,2:5:9:11:19,9,1:2:3:4:5:6:7:8:9:11:13:15:16:19:21:23:24:25:26:30,8:11:19:24:30,19,1:2:3:4:5:8:9:10:11:12:13:14:16:18:20:22:24:26:27:29,2:9:14:18:27,27
124,1,spice,Black--xxmf--pepper,Season--xxmf--all,Garlic--xxmf--powder,2:3:4:9:10:11:12:14:15:17:18:19:20:21:22:25:26:28:29:30,2:10:18:26:30,30,1:2:3:5:6:7:8:10:12:16:17:18:19:20:22:23:24:25:27:28,1:16:19:22:27,16,1:2:3:4:6:7:9:10:13:14:17:19:20:21:22:23:24:27:29:30,1:7:10:23:30,7,1:3:4:6:10:11:12:13:14:15:16:17:21:22:24:25:26:28:29:30,1:12:22:26:29,1,1:2:3:5:6:9:10:12:13:14:15:16:19:21:24:25:26:27:28:29,1:9:15:26:27,1,1:2:3:4:6:7:10:12:15:16:17:19:20:21:23:24:25:27:28:30,1:12:23:25:30,1
129,1,bottle,Water--xxmf--bottle,Coke--xxmf--bottles--xxmf--,Dr--xxmf--pepper--xxmf--bottle,1:2:3:4:5:6:7:8:9:13:14:15:16:17:18:19:20:21:24:25,2:3:5:6:9,5,4:5:6:7:8:9:10:11:12:13:14:15:17:18:23:24:26:27:29:30,8:9:11:14:30,30,1:2:3:4:5:6:8:10:11:12:14:16:18:20:25:26:27:28:29:30,2:5:6:10:11,11,2:3:4:5:6:7:8:9:10:11:12:14:15:17:18:19:20:21:23:24,2:3:4:12:14,3,1:3:4:5:7:8:9:10:11:12:13:14:15:17:18:21:22:23:24:25,1:3:4:22:23,1,3:5:6:8:9:11:12:13:14:16:17:20:21:22:23:24:25:26:27:29,6:9:11:13:17,17
127,1,snack,Apples,Pork--xxmf--rinds--xxmf--,Lunch--xxmf--meat--xxmf--,2:4:7:8:9:12:13:14:15:16:17:18:19:20:21:22:24:27:28:30,4:8:9:12:13,13,1:2:4:5:6:7:9:10:11:13:14:15:19:22:23:24:25:26:27:30,9:10:15:25:26,26,4:5:6:7:8:10:11:12:14:15:16:18:19:20:22:23:24:25:26:27,4:5:12:20:24,5,2:4:5:6:7:8:9:10:11:14:16:17:20:21:24:25:26:27:28:30,20:24:25:26:30,26,1:2:3:12:13:14:15:16:17:18:19:20:22:23:24:26:27:28:29:30,13:15:19:27:28,13,1:2:5:6:7:8:9:10:13:15:18:22:23:24:25:26:27:28:29:30,2:7:15:18:28,28
130,1,drink,Coca--xxmf--cola,Tea,Milk,2:3:4:5:6:7:8:9:10:12:15:16:17:18:23:24:27:28:29:30,3:4:6:28:30,28,1:2:3:4:5:6:7:8:9:10:11:15:16:17:18:26:27:28:29:30,2:3:10:15:28,28,1:2:3:4:5:6:7:8:9:10:14:15:16:18:20:22:23:24:29:30,3:4:5:18:30,18,1:2:3:4:5:6:7:8:9:10:11:12:13:14:18:20:27:28:29:30,4:6:20:27:28,20,3:5:6:7:8:9:10:13:14:15:16:19:20:21:22:23:24:25:26:30,7:15:16:23:30,16,1:3:4:5:6:7:8:9:10:11:12:13:14:19:23:24:25:26:29:30,4:6:7:8:30,30
131,1,snack,Peanuts--xxmf--,Raisins--xxmf--,Wafers--xxmf--,1:2:4:5:6:7:8:11:12:13:14:16:18:23:24:25:27:28:29:30,1:12:16:23:30,16,1:2:3:4:5:6:7:8:9:10:11:12:13:14:15:16:17:18:19:21,1:4:7:8:11,1,1:2:3:4:5:6:7:8:9:10:11:16:17:18:19:20:21:22:23:24,1:2:3:4:5,5,1:2:3:4:5:6:7:8:9:10:11:12:13:14:15:16:17:18:19:20,2:3:4:5:6,3,1:2:3:4:5:6:7:8:9:10:11:12:13:14:15:16:17:18:19:20,1:2:3:4:5,5,1:2:3:4:5:6:7:8:9:10:11:12:13:14:15:16:17:18:19:20,1:2:3:4:5,1
132,1,spice,Steak--xxmf--Seasoning,Cayenne--xxmf--Pepper,Meat--xxmf--Tenderizer,1:3:6:7:8:10:11:12:13:14:15:17:19:20:22:23:25:26:28:30,1:6:11:15:26,26,1:2:4:5:6:7:8:10:11:13:14:15:16:17:23:24:25:27:28:30,1:5:8:10:17,17,1:5:6:8:9:10:11:12:15:16:17:19:20:22:23:24:27:28:29:30,1:10:11:15:17,1,1:2:3:5:7:8:9:10:12:13:14:15:16:17:18:20:25:27:28:29,2:3:5:18:29,3,1:2:3:4:6:8:9:10:11:12:13:14:15:17:18:20:21:22:24:29,4:8:11:13:17,13,1:3:4:5:6:7:8:9:10:11:12:13:14:16:17:18:19:22:24:30,1:4:6:7:18,1
135,1,snack,Crackers,Oatmeal,Sweets,1:2:3:4:5:6:7:8:10:12:13:14:15:17:23:25:26:27:28:30,3:4:5:7:30,5,2:3:4:5:8:9:10:12:16:17:18:20:21:22:23:25:26:27:28:29,3:5:9:12:20,9,2:5:6:7:9:10:11:12:13:14:15:16:17:19:20:22:23:26:27:30,13:17:19:20:23,17,2:3:5:8:9:11:14:16:17:18:19:20:21:22:23:24:25:26:27:30,3:9:11:17:27,11,2:3:4:5:8:9:10:11:12:15:16:17:18:19:20:21:23:27:28:30,8:9:17:19:30,30,1:2:3:4:5:6:7:8:9:11:14:18:20:22:24:25:26:27:29:30,3:6:8:18:22,22
174,1,snack,Cheez--xxmf--it,Chex--xxmf--mix,Pita--xxmf--chips,1:2:3:4:5:6:7:8:14:17:18:19:20:21:22:23:24:25:26:27,2:5:17:21:27,2,1:2:3:4:5:6:10:11:12:13:14:15:17:18:19:20:21:22:24:26,1:4:6:14:15,6,1:2:3:4:5:8:9:10:12:13:14:15:16:23:24:25:26:28:29:30,2:8:10:15:23,2,1:2:3:4:5:6:9:10:14:19:20:21:23:24:25:26:27:28:29:30,1:2:3:4:6,4,1:2:3:4:5:6:7:8:9:10:12:14:16:20:22:24:25:26:27:30,1:14:20:24:30,1,1:2:3:4:5:6:9:10:11:12:13:14:18:20:21:22:24:27:28:29,2:4:5:11:12,5
175,1,spice,cinnamon,taco--xxmf--seasoning,oregano,1:2:3:7:8:10:12:14:18:20:21:22:23:24:25:26:27:28:29:30,3:8:12:26:27,12,6:8:9:10:11:13:14:15:16:17:18:19:22:23:25:26:27:28:29:30,6:8:10:13:14,14,1:2:5:7:8:10:11:15:17:19:20:21:22:23:24:25:26:28:29:30,5:8:10:20:23,8,1:3:5:6:7:8:9:10:11:14:15:16:20:23:24:25:26:27:28:30,7:8:9:10:15,7,1:3:5:10:11:12:14:17:18:19:20:21:22:23:24:25:26:28:29:30,5:10:11:12:18,11,1:3:7:8:9:10:11:12:13:14:15:16:17:18:20:23:24:26:27:28,3:7:8:10:12,7
177,1,spice,Cloves,Tumeric,Allspice,2:3:4:5:6:7:8:10:12:13:14:16:18:19:21:22:23:25:27:30,5:6:12:18:25,5,1:3:4:5:7:8:9:11:12:13:14:20:21:22:23:24:25:26:27:30,1:12:13:14:23,14,1:2:4:5:10:12:13:14:15:16:18:19:20:22:23:24:25:26:27:29,2:13:16:26:27,16,1:2:6:7:8:10:11:12:15:16:17:19:20:21:22:25:26:27:28:29,1:8:11:25:27,27,1:2:4:5:11:12:14:15:16:17:18:19:21:22:23:25:26:27:28:29,2:15:16:17:22,2,1:2:3:4:7:8:9:10:11:12:13:14:18:20:21:22:24:25:26:27,1:3:9:20:22,22
179,1,spice,Sage,Poultry--xxmf--seasoning,Ground--xxmf--cloves,1:4:5:8:9:11:12:15:16:19:20:21:23:24:25:26:27:28:29:30,1:12:19:24:28,1,1:3:5:6:7:9:10:11:14:15:17:19:20:21:22:24:25:27:28:29,1:11:14:19:28,11,1:3:4:6:8:10:12:14:15:16:17:19:21:22:23:24:25:27:28:29,1:10:22:25:29,1,1:4:5:7:8:10:11:12:13:14:17:19:20:22:23:25:26:27:28:30,1:7:13:22:30,7,1:2:5:7:8:10:11:13:15:16:18:19:20:21:24:25:26:27:28:29,1:10:18:26:28,1,1:2:4:5:7:8:9:11:12:14:16:18:20:21:23:24:25:27:28:29,1:8:14:18:25,8
181,1,drink,Lactaid--xxmf--fat--xxmf--free--xxmf--milk,Lactate--xxmf--reduced--xxmf--fat--xxmf--milk,Japanese--xxmf--green--xxmf--tea,1:2:3:5:6:7:8:9:10:11:12:13:15:16:17:18:19:20:21:22,1:2:5:6:7,7,1:2:3:4:5:6:7:8:9:10:11:12:13:14:15:16:17:18:20:21,1:2:3:4:5,5,5:6:7:10:12:13:14:15:16:17:18:19:20:21:22:23:24:26:27:30,5:6:12:26:27,5,3:4:5:6:7:8:10:11:12:13:14:15:16:17:18:19:20:21:23:24,3:4:5:7:8,3,1:2:3:4:5:7:9:10:11:13:14:15:16:17:18:19:20:21:25:30,5:16:18:21:30,5,1:2:3:4:5:6:7:8:9:10:11:12:13:14:15:16:17:18:19:20,1:2:3:5:6,1
184,1,cereal,Raisin--xxmf--Bran,Apple--xxmf--Jacks--xxmf--,Krave,1:3:5:7:8:9:10:11:12:13:14:16:18:19:20:21:22:23:25:26,1:9:19:21:23,19,1:2:3:4:5:6:7:8:9:10:11:12:13:14:18:19:20:21:22:24,1:3:6:11:12,6,1:2:4:6:8:9:10:13:14:15:16:19:22:24:25:26:27:28:29:30,1:4:6:13:16,13,1:2:3:4:5:6:7:9:10:11:14:18:19:20:21:22:26:27:28:29,3:4:6:20:29,3,1:2:3:8:9:10:11:12:13:15:16:17:19:21:22:23:24:25:26:30,1:9:10:16:22,10,1:3:4:7:8:9:11:14:15:16:18:19:20:22:24:25:26:27:28:30,1:3:7:9:11,3
185,1,drink,Milk,Graoe--xxmf--juice,Pumpkin--xxmf--spice--xxmf--creamer,1:2:3:4:5:6:8:11:14:16:20:22:23:24:25:26:27:28:29:30,1:2:16:24:30,1,1:2:3:4:5:6:7:8:9:10:11:12:13:14:15:16:17:18:20:21,4:6:8:10:12,6,1:2:3:4:5:6:9:10:11:13:14:15:16:19:20:26:27:28:29:30,2:10:11:13:19,2,1:2:4:5:6:7:8:9:10:11:12:13:14:15:16:17:18:19:20:21,1:2:4:5:7,1,1:2:3:5:6:7:8:9:13:16:17:20:22:23:25:26:27:28:29:30,3:6:9:13:17,9,1:2:3:4:5:6:7:8:9:10:11:12:13:14:15:16:17:18:19:20,2:3:4:6:9,9
186,1,bottle,Olive--xxmf--oil,Beer,Acai--xxmf--juice,1:2:3:4:5:6:7:8:9:10:11:12:13:14:15:16:17:18:20:21,2:3:5:6:12,5,1:2:3:4:5:6:7:8:9:10:11:12:13:14:15:16:17:18:20:21,11:12:13:14:15,13,1:2:3:4:5:6:7:8:9:10:11:12:13:14:15:16:17:18:20:21,3:9:11:15:18,18,1:2:3:4:6:7:8:9:10:11:12:13:14:15:16:17:18:19:20:21,17:18:19:20:21,21,10:11:12:13:14:15:16:17:19:20:21:22:23:24:25:26:27:28:29:30,15:19:22:25:28,28,1:2:3:4:5:6:7:8:9:10:11:12:13:14:15:16:17:18:20:21,6:8:11:18:21,11
191,1,drink,Coke,Dr--xxmd----xxmf--Pepper,Schweppes,1:2:3:4:5:7:8:10:11:12:16:17:18:19:20:22:23:24:25:27,3:4:8:16:20,16,1:6:7:8:9:11:12:13:14:15:16:17:22:24:25:26:27:28:29:30,1:6:7:27:30,6,1:2:3:4:5:6:7:8:9:10:15:16:19:20:22:23:24:27:29:30,2:8:9:10:16,10,1:3:7:8:9:10:11:12:13:14:15:17:22:23:24:25:27:28:29:30,11:13:27:28:30,13,1:2:3:4:5:6:11:13:14:17:18:19:20:21:23:26:27:28:29:30,4:5:13:17:18,17,1:7:9:10:11:12:13:14:15:19:20:21:22:23:24:25:26:27:29:30,1:7:9:12:27,1
193,1,spice,Onion--xxmf--powder,Garlic--xxmf--powder,Basil,4:5:6:7:8:9:10:11:12:17:18:20:22:23:24:26:27:28:29:30,5:11:20:22:28,28,2:9:10:11:12:13:14:15:16:20:21:22:23:24:25:26:27:28:29:30,2:22:23:29:30,2,10:11:12:13:14:15:16:17:18:19:20:22:23:24:25:26:27:28:29:30,23:24:25:26:29,29,2:3:4:5:6:7:10:11:14:15:16:17:22:23:25:26:27:28:29:30,3:10:14:16:22,14,4:5:6:9:10:11:13:14:15:19:20:21:22:23:24:25:27:28:29:30,11:25:27:28:30,30,1:2:3:4:5:6:7:8:9:18:19:20:23:24:25:26:27:28:29:30,1:7:20:26:30,1
197,1,drink,Coca--xxmf--cola,Super--xxmf--Chill--xxmf--Orange,Pepsi,1:2:3:4:5:6:8:12:13:14:15:16:18:19:22:23:24:25:28:29,3:4:12:19:28,12,1:2:3:4:5:6:7:8:9:10:11:12:13:14:15:20:22:23:27:29,5:9:14:22:27,5,1:3:4:5:6:8:9:10:12:13:14:15:18:19:23:24:27:28:29:30,12:13:14:27:30,27,1:2:3:4:5:6:7:8:9:10:11:12:13:14:15:22:23:27:29:30,2:5:11:12:23,23,1:2:5:6:7:8:9:10:11:12:13:14:15:16:17:21:24:25:26:30,1:12:13:15:30,15,1:2:3:4:5:6:7:8:9:10:11:12:13:16:20:21:22:24:29:30,1:4:6:22:29,1
201,1,spice,Chili--xxmf--Powder,Paprika,Rosemary,1:2:3:4:9:10:12:14:15:16:17:19:20:22:23:24:25:27:28:29,1:3:4:24:25,1,1:3:4:5:6:7:11:13:15:17:18:19:20:22:23:24:26:27:29:30,1:3:20:24:27,1,1:2:3:4:5:6:7:13:14:15:17:18:19:23:24:25:26:27:29:30,1:2:6:13:14,1,1:2:3:4:5:6:9:10:11:12:13:14:15:16:19:20:22:23:24:25,4:11:13:14:20,20,1:3:4:5:6:7:11:12:14:15:16:17:19:21:22:24:25:26:27:29,1:14:15:21:26,26,1:2:4:5:6:7:8:9:10:11:12:14:15:19:20:22:25:26:28:30,1:2:8:12:14,1
202,1,spice,Minced--xxmf--onions,Poppy--xxmf--seeds,Paprika,1:2:3:4:7:8:10:12:13:15:17:18:19:21:22:23:24:25:28:29,1:2:7:12:29,12,1:2:4:5:6:7:8:11:13:16:18:19:20:22:24:25:27:28:29:30,4:8:20:25:27,27,1:3:4:5:6:9:10:12:13:14:16:18:19:21:22:24:26:28:29:30,1:6:18:26:30,1,1:4:5:7:9:10:11:13:14:15:17:18:19:22:23:24:25:26:28:29,5:7:10:13:29,5,1:3:4:6:7:8:9:10:14:15:16:19:22:23:24:25:26:28:29:30,1:3:4:8:23,23,1:2:3:4:5:6:7:8:10:11:12:15:19:21:22:24:25:26:28:30,8:10:12:22:30,8
204,1,spice,Ground--xxmf--ginger,Cilantro--xxmf--leaves--xxmf--,Caraway--xxmf--seeds--xxmf--,1:2:3:4:5:6:7:8:9:10:11:12:16:17:18:19:20:22:23:24,2:5:8:11:17,17,4:5:6:7:8:9:10:11:12:16:17:18:19:20:21:22:23:24:25:26,7:8:9:11:12,12,1:2:3:4:6:7:9:10:11:12:13:14:15:16:17:18:19:20:21:29,6:9:10:12:13,13,1:2:3:4:5:6:7:8:9:16:19:20:22:23:24:25:26:28:29:30,1:2:3:5:6,6,1:3:4:5:6:7:8:9:10:11:12:13:14:15:19:20:22:23:25:26,7:9:10:12:13,13,1:2:3:4:5:6:7:8:9:10:11:12:19:20:22:23:24:25:26:27,7:8:9:11:12,8
206,1,bottle,Snapple,Nestle,Dasani,1:2:3:4:5:6:7:8:9:11:18:19:21:22:23:24:25:26:28:29,1:7:11:19:21,1,1:2:3:4:5:6:7:10:11:12:13:14:16:17:18:19:20:21:25:26,1:2:7:13:21,21,1:2:3:4:5:6:7:8:9:12:13:19:20:22:23:24:26:28:29:30,1:2:3:4:6,1,1:2:4:6:9:10:11:12:13:14:15:16:17:19:20:21:23:24:28:29,1:2:9:14:21,2,1:3:8:9:10:12:14:15:16:17:18:20:21:22:23:25:26:27:29:30,1:8:12:25:29,1,1:2:3:4:5:6:7:8:9:10:11:12:13:14:15:19:20:25:28:30,1:2:3:4:25,4
208,1,spice,Ginger,Cloves,Nutmeg,1:3:5:7:10:11:12:13:14:15:19:20:21:22:23:26:27:28:29:30,5:13:22:29:30,30,2:3:5:6:7:11:14:15:16:17:18:19:20:21:23:26:27:28:29:30,3:5:18:19:30,5,1:3:5:7:9:11:12:14:15:16:17:19:20:22:24:25:26:27:29:30,3:12:19:25:30,12,2:3:4:5:6:8:11:12:13:14:16:17:18:20:23:24:25:26:28:29,4:11:17:26:28,28,4:5:6:7:8:9:11:12:14:15:19:20:21:22:23:24:26:27:29:30,5:9:20:26:29,9,1:3:6:7:8:11:12:13:16:17:18:20:22:23:24:25:27:28:29:30,6:12:16:27:30,6
207,1,cereal,Rice--xxmf--chex,Honeycombs,Cookie--xxmf--Crisp,3:7:8:9:13:14:15:16:17:18:21:22:23:24:25:26:27:28:29:30,22:23:24:25:27,24,11:12:13:14:15:16:17:18:19:20:21:22:23:24:25:26:27:28:29:30,26:27:28:29:30,29,7:8:9:10:11:12:13:14:15:17:21:22:23:24:25:26:27:28:29:30,24:25:26:27:28,24,1:2:3:4:5:6:7:8:9:10:11:12:23:24:25:26:27:28:29:30,26:27:28:29:30,30,2:5:6:7:8:9:15:16:17:18:19:20:21:22:23:24:26:28:29:30,20:21:23:24:28,28,4:5:6:7:8:9:10:11:12:13:14:16:17:18:19:21:25:26:27:29,10:11:12:13:14,14
210,1,bottle,Water,Blue--xxmf--moon,Sierra--xxmf--nevada,4:5:6:7:8:9:10:11:12:13:15:16:19:20:21:22:23:24:25:26,4:15:19:20:21,4,1:2:3:4:5:6:7:8:9:10:11:12:13:15:17:18:19:20:21:22,1:2:3:4:15,1,1:2:3:4:5:6:7:8:9:10:11:12:13:14:15:16:19:20:27:28,1:4:6:8:12,1,1:2:3:4:5:6:7:8:10:11:12:13:14:16:17:18:27:28:29:30,1:8:16:17:18,1,1:2:3:4:5:6:7:8:9:10:11:12:13:14:15:17:18:19:20:21,1:8:17:18:19,1,1:2:3:4:5:6:7:8:9:10:11:12:15:16:17:18:19:20:21:22,1:3:4:8:15,1
211,1,spice,Curry,Cumin,Mrs--xxmf--Dash,1:4:5:7:8:9:13:14:16:17:18:19:20:23:25:26:27:28:29:30,1:17:26:27:28,1,1:7:8:12:13:14:15:16:17:18:19:20:21:22:23:24:25:26:27:30,1:7:8:14:30,14,1:4:5:7:9:10:11:12:13:14:15:16:17:23:25:26:27:28:29:30,1:4:7:9:13,1,1:2:3:4:5:10:11:14:15:17:18:19:22:23:24:25:26:27:29:30,1:2:3:23:30,1,2:3:4:5:6:11:12:14:15:17:19:20:22:23:24:25:26:27:28:30,3:19:25:27:30,19,1:2:4:6:14:15:16:17:18:20:21:22:23:24:25:26:27:28:29:30,1:14:22:27:28,28
212,1,cereal,Lucky--xxmf--Charms,Pops,Frosted--xxmf--Flakes,1:2:6:7:8:10:11:12:13:15:16:18:20:21:23:25:26:28:29:30,11:12:13:16:26,11,1:2:3:5:7:11:12:13:14:16:17:18:21:22:23:24:27:28:29:30,1:7:18:21:27,1,2:3:5:6:7:8:10:12:13:14:18:20:21:22:23:25:27:28:29:30,5:6:21:27:30,21,2:3:4:5:6:7:9:11:14:15:16:17:18:20:24:25:26:27:28:30,2:11:20:26:27,2,2:4:6:7:8:9:10:13:14:18:20:21:22:23:25:26:27:28:29:30,9:10:20:27:29,9,1:3:4:5:8:10:11:12:15:16:17:18:20:21:22:24:25:28:29:30,1:16:22:28:30,1
213,1,spice,Cinnamon,Red--xxmf--pepper,Ginger--xxmf--,1:2:3:4:5:6:7:8:9:10:11:12:13:14:15:16:17:18:19:20,1:2:3:4:5,3,1:2:3:4:5:6:7:8:9:10:11:12:13:14:15:16:17:18:19:21,1:4:5:6:9,1,2:3:4:5:6:7:8:9:10:11:12:13:14:15:16:17:18:19:20:21,2:3:4:12:13,12,1:2:3:4:5:6:7:8:9:10:11:12:13:14:15:16:17:18:19:21,1:2:3:5:6,2,1:2:3:4:5:6:7:8:9:10:11:12:13:14:15:16:17:18:20:21,1:2:3:4:5,2,3:5:6:7:8:9:10:11:12:13:14:15:16:17:18:19:20:21:24:30,5:6:7:8:9,6
215,1,cereal,Chex,Cheerios,Oatmeal,3:4:5:6:7:8:9:10:12:13:14:15:16:18:19:20:24:25:29:30,3:4:10:13:24,3,1:2:3:4:5:6:7:8:11:12:13:17:18:19:20:21:24:26:27:29,1:3:7:19:20,1,1:2:3:4:5:6:7:8:9:13:16:20:21:22:23:24:26:27:28:29,6:8:9:21:24,8,1:2:3:4:5:6:7:8:9:10:11:12:14:15:16:18:19:21:24:28,1:5:11:15:21,1,1:2:4:5:6:8:10:12:13:16:17:19:20:21:22:23:24:25:27:29,1:4:5:19:22,1,1:2:3:4:8:10:11:12:13:15:17:18:19:21:24:26:27:28:29:30,1:2:3:8:10,2
216,1,drink,Red--xxmf--bull,Coffee,Water,1:3:4:5:7:8:10:11:15:18:19:20:21:22:23:25:26:28:29:30,4:8:15:26:28,8,1:2:4:5:7:8:10:11:13:14:16:17:19:20:22:23:25:26:28:29,4:7:8:13:16,4,1:2:4:5:8:9:10:11:12:13:14:16:17:18:20:23:24:26:29:30,1:4:10:18:24,1,1:4:5:7:8:10:11:14:15:17:18:20:23:24:25:26:27:28:29:30,1:10:18:29:30,30,1:3:5:7:8:9:10:11:13:16:17:18:20:23:24:25:26:28:29:30,3:5:7:20:25,3,1:2:3:4:5:6:7:8:9:10:14:15:16:17:19:20:22:23:26:30,2:8:14:23:30,30
221,1,bottle,7up,Frooti,Mirinda,1:2:3:4:5:6:8:9:11:13:16:17:20:21:24:25:26:27:28:30,1:3:13:21:26,1,1:2:4:5:6:7:8:10:11:12:15:19:20:23:25:26:27:28:29:30,1:4:5:6:11,1,1:2:3:8:9:10:11:12:16:17:18:19:20:21:22:23:24:25:27:29,1:8:12:19:23,19,1:2:3:4:6:8:10:12:13:15:17:18:19:20:21:23:25:26:28:29,1:2:8:10:17,2,1:2:3:6:7:8:11:16:17:19:20:21:22:23:25:26:27:28:29:30,1:7:11:17:19,1,2:3:6:7:8:9:10:11:12:13:14:15:17:19:22:23:25:28:29:30,2:19:23:25:29,2
222,1,spice,Paprika,Nutmeg,Onion--xxmf--powder,1:2:4:5:6:7:8:12:15:16:17:18:19:20:21:22:23:24:27:28,6:15:17:19:24,19,2:3:5:6:7:10:11:12:14:18:19:22:23:24:25:26:27:28:29:30,10:12:19:22:28,28,5:6:7:8:9:10:12:14:15:20:21:22:23:24:25:26:27:28:29:30,8:21:24:27:28,21,1:8:9:10:11:12:13:14:17:20:21:22:23:24:25:26:27:28:29:30,8:12:13:24:29,12,1:2:3:4:5:6:7:9:12:14:15:17:18:20:23:26:27:28:29:30,3:5:6:7:15,5,4:6:7:9:10:11:12:15:19:20:21:22:23:24:25:26:27:28:29:30,4:19:21:24:25,21
223,1,spice,Ground--xxmf--Ginger,Ground--xxmf--Allspice,Cream--xxmf--of--xxmf--Tartar,11:12:13:14:15:16:17:18:19:20:21:22:23:24:25:26:27:28:29:30,26:27:28:29:30,29,1:2:3:4:5:6:7:8:9:10:11:12:13:14:15:16:17:18:19:20,1:2:3:4:5,1,7:8:10:11:12:14:15:17:18:19:20:21:22:23:24:25:26:27:28:30,15:17:18:19:20,20,10:11:12:13:14:15:16:17:18:19:20:21:22:23:24:25:26:27:28:29,10:11:12:13:14,10,1:2:3:4:5:6:7:8:9:10:11:12:13:14:15:16:17:18:19:20,10:11:12:19:20,20,1:2:3:4:5:6:7:8:9:10:11:12:13:14:15:16:17:18:19:20,1:2:3:4:5,1
225,1,bottle,Erojal--xxmf--water--xxmf--bottle,Oil--xxmf--bottle,Aalaya--xxmf--bottle,2:5:6:8:13:14:15:16:17:18:20:22:23:24:25:26:27:28:29:30,5:13:14:16:17,14,2:3:5:6:7:8:9:10:12:13:14:16:17:19:20:21:26:27:28:30,5:7:8:10:12,12,4:5:10:11:12:13:14:15:16:17:18:19:20:21:22:23:26:27:29:30,5:11:12:15:16,12,1:5:7:8:10:11:13:14:17:18:19:20:22:23:25:26:27:28:29:30,10:13:14:18:19,14,2:5:6:11:12:14:15:16:17:18:19:20:21:23:24:25:26:27:28:30,12:14:15:16:19,15,1:2:5:7:8:11:13:14:15:19:20:22:23:24:25:26:27:28:29:30,2:7:8:11:15,15
227,1,drink,Gatorade,Yogurt,Juice,1:2:3:4:5:6:7:12:14:16:17:18:19:20:21:24:25:26:27:30,1:2:3:7:12,2,1:2:3:5:6:7:10:12:17:19:20:22:23:24:25:26:27:28:29:30,2:10:17:23:24,24,1:3:4:6:7:8:11:12:13:14:15:16:17:19:20:23:25:26:27:28,1:8:15:19:26,1,1:3:4:5:8:10:11:13:16:17:19:22:23:24:25:26:27:28:29:30,1:3:5:11:29,11,1:2:4:5:6:9:11:12:14:15:16:17:18:21:22:23:24:26:29:30,1:12:15:23:24,23,3:5:6:8:10:11:12:14:17:19:20:21:22:24:25:26:27:28:29:30,5:6:19:20:24,6
228,1,bottle,Tea,Alcohol,Yogurt,2:4:5:8:10:11:13:14:15:16:17:18:19:22:23:25:27:28:29:30,8:10:14:19:29,8,3:4:5:8:9:14:15:17:18:19:20:22:23:24:25:26:27:28:29:30,3:5:15:24:30,5,1:5:6:8:9:10:11:12:13:14:17:18:20:24:25:26:27:28:29:30,12:13:14:18:28,13,2:4:5:8:10:11:12:13:14:17:18:19:20:21:23:24:25:26:28:29,2:10:13:14:18,2,1:3:4:5:9:10:11:12:13:14:15:16:18:19:21:22:23:24:26:28,1:12:15:19:26,1,4:5:6:7:8:9:10:11:12:14:15:16:18:19:20:21:22:23:28:30,7:8:9:11:14,14
229,1,bottle,Spirit,Guava--xxmf--aloevera,Cloud--xxmf--9,1:2:3:4:5:6:8:9:11:12:13:15:17:18:20:21:22:24:29:30,1:4:12:13:15,12,1:2:3:4:5:6:8:10:11:12:14:16:17:21:24:25:26:27:29:30,1:2:3:14:30,3,1:7:9:10:11:12:13:15:16:18:20:21:22:23:24:25:26:27:28:29,7:9:18:23:24,24,1:2:3:4:5:8:9:13:14:15:16:17:18:22:23:24:25:26:29:30,1:2:15:29:30,29,1:2:3:6:7:9:10:12:13:15:19:20:21:22:23:25:26:28:29:30,1:6:10:15:22,22,1:2:3:5:7:8:11:14:15:16:18:19:20:21:22:24:25:26:27:29,1:2:3:24:27,27
249,1,bottle,Diet--xxmf--Coke,Dasani,Oral--xxmf--solution,1:2:3:5:6:7:8:9:10:12:14:17:20:22:25:26:27:28:29:30,1:7:9:12:27,27,2:3:4:5:7:8:9:10:12:19:20:21:22:23:24:25:26:27:28:29,3:4:19:20:26,3,1:2:3:4:5:6:9:11:12:17:18:19:20:22:23:24:27:28:29:30,5:11:17:24:27,5,4:5:6:7:8:11:12:13:14:15:16:17:18:19:20:21:22:23:29:30,5:11:14:20:21,11,1:2:5:6:7:8:9:13:14:16:20:22:23:24:25:26:27:28:29:30,6:7:13:16:24,24,3:4:5:6:7:8:9:10:11:12:13:14:15:16:23:24:25:26:27:28,5:7:8:23:26,7
252,1,spice,Celery--xxmf--seed,Fennel--xxmf--seed,Sesame--xxmf--seed,1:2:4:6:7:8:9:10:11:14:15:16:17:19:21:22:23:25:27:28,1:9:14:22:25,1,1:2:3:4:5:6:11:14:16:17:18:20:23:24:25:26:27:28:29:30,16:17:28:29:30,29,1:6:7:8:9:11:13:15:16:17:18:19:20:21:22:23:24:27:28:29,1:6:9:27:29,27,1:2:5:6:7:10:11:12:18:19:20:21:22:23:25:26:27:28:29:30,11:12:26:27:30,26,1:2:4:6:7:9:10:11:19:20:21:22:23:24:25:26:27:28:29:30,2:7:9:24:30,2,6:7:8:9:10:11:12:13:16:17:18:19:20:21:22:24:25:28:29:30,8:9:13:25:30,25
254,1,cereal,Rice--xxmf--Chex,Rice--xxmf--Krispies,Honey--xxmf--Nut--xxmf--Cheerios,4:5:6:7:8:9:10:11:12:13:14:15:22:23:25:26:27:28:29:30,26:27:28:29:30,30,1:2:3:4:5:6:7:8:9:10:11:12:13:14:15:17:18:19:20:21,1:2:3:4:5,2,1:2:3:4:5:6:16:17:18:19:20:22:23:24:25:26:27:28:29:30,26:27:28:29:30,26,1:2:3:4:5:6:7:8:9:10:11:12:13:14:15:16:17:18:19:20,1:2:4:5:7,7,2:4:5:6:10:13:14:15:16:17:18:19:20:21:25:26:27:28:29:30,17:20:26:29:30,17,1:4:7:10:13:16:17:18:19:20:21:22:23:24:25:26:27:28:29:30,26:27:28:29:30,29
256,1,snack,Matchmakers,Patato--xxmf--Chips,Walkers,1:3:4:5:6:7:9:10:12:14:16:18:19:20:22:23:24:25:29:30,1:3:7:12:16,7,1:2:3:4:5:7:8:9:12:13:14:16:18:20:22:23:25:27:29:30,4:7:12:14:25,7,1:3:4:5:8:10:12:13:15:16:18:20:21:22:23:24:26:28:29:30,1:4:10:13:18,13,2:3:4:5:8:10:12:13:15:16:18:19:22:23:24:25:26:27:28:30,3:4:15:16:19,3,1:3:4:5:6:7:8:9:11:13:15:17:18:19:21:22:26:27:28:30,4:8:17:19:27,4,2:3:4:6:10:12:14:15:16:17:19:21:22:23:24:25:26:27:28:30,4:6:12:15:19,4
258,1,bottle,Drinking--xxmf--water--xxmf--bottle,Aquafina--xxmf--water--xxmf--bottle,Distilled--xxmf--water--xxmf--bottle,1:2:3:4:9:11:13:14:16:17:18:20:21:23:24:25:26:27:29:30,4:9:13:20:23,4,1:2:3:4:5:6:7:8:9:10:11:12:13:14:15:16:17:18:27:30,1:3:7:11:18,1,1:2:3:4:5:7:12:14:15:17:18:19:20:22:23:25:26:27:28:29,1:5:7:15:17,17,1:3:4:5:8:9:10:14:15:16:17:21:22:23:24:25:26:27:29:30,1:9:15:16:22,16,2:3:5:6:8:11:12:13:16:19:21:22:23:24:25:26:27:28:29:30,2:3:5:8:16,16,1:2:3:4:5:6:8:9:11:12:13:14:17:18:21:22:23:27:29:30,1:4:6:23:30,23
259,1,drink,Coca-Cola--xxmf--no--xxmf--sugar,Pepsi--xxmf--Max--xxmf--Vanilla,V--xxmf--Energy,1:2:5:6:7:9:11:12:15:16:17:19:21:22:23:24:25:26:27:29,1:5:9:11:26,26,1:2:4:6:7:8:9:10:12:13:14:15:17:18:19:20:24:25:27:28,7:8:13:15:18,15,1:2:3:4:5:6:7:8:9:10:11:12:13:14:15:16:17:18:19:29,1:3:4:6:10,1,3:4:5:6:7:8:9:11:12:13:14:15:16:17:20:21:22:23:24:25,4:6:7:17:24,6,1:2:3:5:6:7:10:11:12:13:14:15:18:20:22:23:24:26:29:30,1:3:6:18:30,1,1:4:5:6:7:8:9:10:11:12:13:14:15:16:17:19:22:23:24:25,6:9:11:14:15,11
