participant_id,pid_analysis
11,1
14,2
15,3
16,4
19,5
20,6
21,7
22,8
23,9
24,10
25,11
27,12
29,13
30,14
32,15
34,16
36,17
38,18
40,19
44,20
45,21
46,22
49,23
50,24
54,26
55,27
57,28
60,29
62,30
63,31
65,32
66,33
69,34
71,35
75,36
76,37
77,38
80,39
82,40
84,42
85,43
86,44
87,45
90,47
91,48
92,49
94,50
96,51
97,52
98,53
100,54
101,55
102,56
105,58
116,60
117,61
120,62
124,63
127,64
129,65
130,66
131,67
132,68
135,69
174,72
175,73
177,74
179,75
181,76
185,77
186,78
184,79
191,80
193,81
197,83
201,84
204,85
208,86
202,87
206,88
207,89
210,90
211,91
212,92
213,94
215,95
216,96
221,98
222,99
223,100
225,102
227,103
228,104
229,105
249,115
252,117
254,119
256,120
258,122
259,123
